{
  "n_total": 185,
  "n_eval": 137,
  "k": 5,
  "top1_acc": 0.9854014598540146,
  "topk_acc": 0.9854014598540146,
  "n_skipped": 48,
  "misclassified_top1": [
    "9202125802970002_5.jpeg",
    "9114180702020001_6.png"
  ]
}